{
  "st_quentin": [2.07, 2.11, 49.32404, 49.35212],
  "vauvert": [3.58, 5.11, 43.30, 44.11],
  "noailles": [2.10, 2.28, 49.28, 49.36],
  "d2": [1.932, 2.204, 49.323, 49.459],
  "oise": [1.715, 3.138, 49.05, 49.76]
}
